<beans xmlns="http://www.springframework.org/schema/beans"
	xmlns:xsi="http://www.w3.org/2001/XMLSchema-instance"
	xmlns:context="http://www.springframework.org/schema/context"
	xsi:schemaLocation="
http://www.springframework.org/schema/beans http://www.springframework.org/schema/beans/spring-beans.xsd
http://www.springframework.org/schema/context http://www.springframework.org/schema/context/spring-context-3.1.xsd"
	default-autowire="byType">

	<import resource="classpath:/META-INF/basket-config.xml" />
	
	<bean name="messageSource" class="org.springframework.context.support.ResourceBundleMessageSource">
	    <property name="basename">
	        <value>resources</value>
	    </property>
	</bean>
	
	<context:component-scan base-package="com.bjss.pricebasket" />
	
</beans>